<codeColors>
	<colorGroup>
		<syntaxColor id="CodeColor_HTMLEntity" bold="true" />
		<syntaxColor id="CodeColor_JavascriptNative" text="#AAB757" />
		<syntaxColor id="CodeColor_JavascriptNumber" text="#FF0000" />
		<syntaxColor id="CodeColor_JavascriptClient" text="#B56E69" />
		<syntaxColor id="CodeColor_JavascriptSpryKeywords" text="#fff" />
		<syntaxColor id="CodeColor_JavascriptSpryClasses" text="#fff" />
		<syntaxColor id="CodeColor_TemplateText" text="#999999" />
		<syntaxColor id="CodeColor_TemplateCommentText" text="#5c725c" />
		<syntaxColor id="CodeColor_TemplateCommentAttr" text="#5c725c" />
		<syntaxColor id="CodeColor_CFCommentText" text="#5d5d5d" bgcolor="A38932" />
		<syntaxColor id="CodeColor_JavaJSP" text="#AAB757" />
		<syntaxColor id="CodeColor_JavaImplicit" text="#999900" />
		<syntaxColor id="CodeColor_JavaOther" text="#B56E69" />
		<syntaxColor id="CodeColor_JSPPageOperator" text="#5d5d5d" />
		<syntaxColor id="CodeColor_JSPTaglibOperator" text="#5d5d5d" />
		<syntaxColor id="CodeColor_JSPIncludeOperator" text="#5d5d5d" />
		<syntaxColor id="CodeColor_PHPScriptBlock" text="#FF0000" bold="true" />
		<syntaxColor id="CodeColor_PHPScriptComment" text="#b1751b" />
		<syntaxColor id="CodeColor_PHPScriptConstant" text="#552200" />
		<syntaxColor id="CodeColor_PHPScriptString" text="#B56E69" />
		<syntaxColor id="CodeColor_PHPScriptFunctionsKeywords" text="#6B85AB" />
		<syntaxColor id="CodeColor_PHPScriptReserved" text="#5c725c" />
		<syntaxColor id="CodeColor_PHPScriptTypes" text="#AAB757" />
		<syntaxColor id="CodeColor_PHPScriptVariables" text="#0066FF" />
		<syntaxColor id="CodeColor_PHPScriptBuiltinVariables" text="#0066FF" />
		<syntaxColor id="CodeColor_ASPIncludeAttributes" text="#B56E69" />
		<syntaxColor id="CodeColor_ASPDirOperator" text="#5d5d5d" />
		<syntaxColor id="CodeColor_LibraryText" bgcolor="B56E69" />
		<syntaxColor id="CodeColor_DateText" bgcolor="B56E69" />
		<syntaxColor id="CodeColor_ASPJSNative" text="#AAB757" />
		<syntaxColor id="CodeColor_ASPJSKeywords" text="#B56E69" />
		<syntaxColor id="CodeColor_ASPNetCSharpKeywords" text="#B56E69" />
		<syntaxColor id="CodeColor_VBSNative" text="#B56E69" />
		<syntaxColor id="CodeColor_VBSConstants" text="#AAB757" />
		<syntaxColor id="CodeColor_VBNetNative" text="#B56E69" />
		<syntaxColor id="CodeColor_VBNetConstants" text="#AAB757" />
		<tagColor id="CodeColor_HTMLAnchor" text="#5c725c" />
		<tagColor id="CodeColor_HTMLForm" text="#b1751b" />
		<tagColor id="CodeColor_HTMLImage" text="#B56E69" />
		<tagColor id="CodeColor_HTMLObject" text="#FFF" />
		<tagColor id="CodeColor_HTMLScript" text="#FFF" />
		<tagColor id="CodeColor_HTMLStyle" text="#B56E69" />
		<tagColor id="CodeColor_HTMLTable" text="#AAB757" />
		<syntaxColor id="CodeColor_SpryAttributes" text="#fff" />
		<syntaxColor id="CodeColor_Spry_Tag_Normal" bgcolor="F8D0AF" />
		<syntaxColor id="CodeColor_Spry_Tag_Hover" bgcolor="FF9B58" />
		<syntaxColor id="CodeColor_Spry_Tag_Selected" bgcolor="FF6D0C" />
		<syntaxColor id="CodeColor_HTMLComment" text="#999999" />
		<syntaxColor id="CodeColor_HTMLString" text="#6B85AB" />
		<syntaxColor id="CodeColor_HTMLNumber" text="#6B85AB" />
		<syntaxColor id="CodeColor_JavascriptFunction" text="#5d5d5d" bold="true" />
		<syntaxColor id="CodeColor_JavascriptBracket" text="#6B85AB" bold="true" />
		<syntaxColor id="CodeColor_JavascriptReserved" text="#6B85AB" bold="true" />
		<syntaxColor id="CodeColor_JavascriptString" text="#6B85AB" />
		<syntaxColor id="CodeColor_JavascriptComment" text="#999999" />
		<syntaxColor id="CodeColor_CSSSelector" text="#FF00FF" />
		<syntaxColor id="CodeColor_CSSProperty" text="#6B85AB" />
		<syntaxColor id="CodeColor_CSSValue" text="#6B85AB" />
		<syntaxColor id="CodeColor_CSSImport" text="#AAB757" bold="true" />
		<syntaxColor id="CodeColor_CSSMedia" text="#FFF" bold="true" />
		<syntaxColor id="CodeColor_CssKeywordImportant" text="#FF0000" bold="true" />
		<tagColor id="DWTagLibrary_cfc" text="#990033" />
		<tagColor id="DWTagLibrary_cfml" text="#990033" />
		<syntaxColor id="CodeColor_ASPDirTagKeywords" text="#990033" />
		<tagColor id="DWTagLibrary_aspnetmmtags" text="#990033" />
		<tagColor id="DWTagLibrary_aspnettemplates" text="#990033" />
		<tagColor id="DWTagLibrary_aspnet" text="#990033" />
		<tagColor id="CodeColor_CFScriptTag" text="#990033" />
		<syntaxColor id="CodeColor_ASPDirString" text="#6B85AB" />
		<syntaxColor id="CodeColor_ActionscriptProperty" text="#8FABC9" />
		<syntaxColor id="CodeColor_ActionscriptNative" text="#8FABC9" />
		<syntaxColor id="CodeColor_ActionscriptNumber" text="#5d5d5d" />
		<syntaxColor id="CodeColor_ActionscriptFunction" text="#8FABC9" />
		<syntaxColor id="CodeColor_ActionscriptBracket" text="#5d5d5d" />
		<syntaxColor id="CodeColor_ActionscriptOperator" text="#5d5d5d" />
		<syntaxColor id="CodeColor_ActionscriptReserved" text="#8FABC9" />
		<syntaxColor id="CodeColor_ActionscriptString" text="#6B85AB" />
		<syntaxColor id="CodeColor_ActionscriptComment" text="#848284" />
		<syntaxColor id="CodeColor_ActionscriptRemoting" text="#8FABC9" />
		<syntaxColor id="CodeColor_ASCommBracket" text="#6B85AB" bold="true" />
		<syntaxColor id="CodeColor_ASCommComment" text="#999999" />
		<syntaxColor id="CodeColor_ASCommFunction" text="#5d5d5d" bold="true" />
		<syntaxColor id="CodeColor_ASCommNative" text="#AAB757" />
		<syntaxColor id="CodeColor_ASCommNumber" text="#FF0000" />
		<syntaxColor id="CodeColor_ASCommReserved" text="#6B85AB" />
		<syntaxColor id="CodeColor_ASCommString" text="#6B85AB" />
		<syntaxColor id="CodeColor_ASRemoteBracket" text="#6B85AB" bold="true" />
		<syntaxColor id="CodeColor_ASRemoteComment" text="#999999" />
		<syntaxColor id="CodeColor_ASRemoteFunction" text="#5d5d5d" bold="true" />
		<syntaxColor id="CodeColor_ASRemoteNative" text="#AAB757" />
		<syntaxColor id="CodeColor_ASRemoteNumber" text="#FF0000" />
		<syntaxColor id="CodeColor_ASRemoteReserved" text="#6B85AB" />
		<syntaxColor id="CodeColor_ASRemoteString" text="#6B85AB" />
		<syntaxColor id="CodeColor_SVGAttr" text="#F90" />
		<syntaxColor id="CodeColor_SVGComment" text="#AAB" />
		<syntaxColor id="CodeColor_SVGNumber" text="#6B85AB" />
		<syntaxColor id="CodeColor_SVGString" text="#6B85AB" />
		<syntaxColor id="CodeColor_SVGTag" text="#C70" />
		<syntaxColor id="CodeColor_SVGText" text="#000" />
		<tagColor id="CodeColor_SVGTagGroup" text="#A50" />
	</colorGroup>
	<colorGroup doctypes="PHP_MySQL">
		<tagColor id="CodeColor_CFScriptTag" text="#903" />
		<syntaxColor id="CodeColor_CSSImport" text="#92AB6B" bold="true" />
		<syntaxColor id="CodeColor_CSSMedia" text="#6B85AB" bold="true" />
		<syntaxColor id="CodeColor_CSSComment" text="#999" />
		<syntaxColor id="CodeColor_CssKeywordImportant" text="#F00" bold="true" />
		<syntaxColor id="CodeColor_CSSProperty" text="#AAB757" />
		<syntaxColor id="CodeColor_CSSSelector" text="#F0F" />
		<syntaxColor id="CodeColor_CSSString" text="#A38932" />
		<syntaxColor id="CodeColor_CSSValue" text="#6B85AB" />
		<syntaxColor id="CodeColor_DateText" text="#000" bgcolor="FFC" />
		<tagColor id="CodeColor_HTMLAnchor" text="#A38932" />
		<syntaxColor id="CodeColor_HTMLString" text="#6B85AB" />
		<syntaxColor id="CodeColor_HTMLComment" text="#999" />
		<tagColor id="CodeColor_HTMLForm" text="#FFF" />
		<tagColor id="CodeColor_HTMLImage" text="#AAB757" />
		<syntaxColor id="CodeColor_HTMLNumber" text="#6B85AB" />
		<tagColor id="CodeColor_HTMLObject" text="#6B85AB" />
		<syntaxColor id="CodeColor_HTMLTag" text="#AAB757" />
		<tagColor id="CodeColor_HTMLScript" text="#6B85AB" />
		<syntaxColor id="CodeColor_HTMLEntity" text="#000" bold="true" />
		<tagColor id="CodeColor_HTMLStyle" text="#AAB757" />
		<tagColor id="CodeColor_HTMLTable" text="#92AB6B" />
		<tagColor id="DWTagLibrary_html" text="#AAB757" />
		<syntaxColor id="CodeColor_HTMLText" text="#000" />
		<syntaxColor id="CodeColor_JavascriptBracket" text="#AAB757" bold="true" />
		<syntaxColor id="CodeColor_JavascriptClient" text="#AAB757" />
		<syntaxColor id="CodeColor_JavascriptComment" text="#999" />
		<syntaxColor id="CodeColor_JavaScriptDefaultText" text="#000" />
		<syntaxColor id="CodeColor_JavascriptFunction" text="#000" bold="true" />
		<syntaxColor id="CodeColor_JavascriptIdentifier" text="#000" />
		<syntaxColor id="CodeColor_JavascriptNative" text="#92AB6B" />
		<syntaxColor id="CodeColor_JavascriptNumber" text="#FFF" />
		<syntaxColor id="CodeColor_JavascriptOperator" text="#6B85AB" />
		<syntaxColor id="CodeColor_JavascriptRegexp" text="#A38932" />
		<syntaxColor id="CodeColor_JavascriptReserved" text="#AAB757" bold="true" />
		<syntaxColor id="CodeColor_JavascriptString" text="#6B85AB" />
		<syntaxColor id="CodeColor_LibraryText" text="#000" bgcolor="FFC" />
		<syntaxColor id="CodeColor_PHPScriptBlock" text="#A05F5F" bold="true" />
		<syntaxColor id="CodeColor_PHPScriptBracket" text="#DFDFDF" />
		<syntaxColor id="CodeColor_PHPScriptBuiltinVariables" text="#316191" />
		<syntaxColor id="CodeColor_PHPScriptComment" text="#666" />
		<syntaxColor id="CodeColor_PHPScriptConstant" text="#520" />
		<syntaxColor id="CodeColor_PhpScriptDefaultText" text="#FFF" />
		<syntaxColor id="CodeColor_PHPScriptFunction" text="#A05F5F" />
		<syntaxColor id="CodeColor_PHPScriptFunctionsKeywords" text="#A38932" />
		<syntaxColor id="CodeColor_PHPScriptIdentifier" text="#FFF" />
		<syntaxColor id="CodeColor_PHPScriptNumber" text="#A05F5F" />
		<syntaxColor id="CodeColor_PHPScriptOperator" text="#A38932" />
		<syntaxColor id="CodeColor_PHPScriptReserved" text="#A38932" />
		<syntaxColor id="CodeColor_PHPScriptString" text="#6D732B" />
		<syntaxColor id="CodeColor_PHPScriptTypes" text="#FFF" />
		<syntaxColor id="CodeColor_PHPScriptVariables" text="#6B85AB" />
		<tagColor id="DWTagLibrary_php" text="#954A93" />
		<syntaxColor id="CodeColor_SVGString" text="#6FF" />
		<syntaxColor id="CodeColor_SVGAttr" text="#FFF" />
		<syntaxColor id="CodeColor_SVGComment" text="#AAB" />
		<syntaxColor id="CodeColor_SVGNumber" text="#6B85AB" />
		<tagColor id="CodeColor_SVGTagGroup" text="#FFF" />
		<syntaxColor id="CodeColor_SVGTag" text="#FFF" />
		<syntaxColor id="CodeColor_SVGText" text="#000" />
		<syntaxColor id="CodeColor_TemplateCommentText" text="#A38932" />
		<syntaxColor id="CodeColor_TemplateCommentAttr" text="#A38932" />
		<syntaxColor id="CodeColor_TemplateText" text="#999" />
	</colorGroup>
	<colorGroup doctypes="XML">
		<tagColor id="CodeColor_CFScriptTag" text="#903" />
		<tagColor id="CodeColor_HTMLAnchor" text="#5C725C" />
		<tagColor id="CodeColor_HTMLForm" text="#B1751B" />
		<tagColor id="CodeColor_HTMLImage" text="#B56E69" />
		<tagColor id="CodeColor_HTMLObject" text="#FFF" />
		<tagColor id="CodeColor_HTMLScript" text="#FFF" />
		<tagColor id="CodeColor_HTMLStyle" text="#B56E69" />
		<tagColor id="CodeColor_HTMLTable" text="#AAB757" />
		<tagColor id="CodeColor_SVGTagGroup" text="#A50" />
		<syntaxColor id="CodeColor_TemplateCommentText" text="#5C725C" />
		<syntaxColor id="CodeColor_TemplateCommentAttr" text="#5C725C" />
		<syntaxColor id="CodeColor_TemplateText" text="#999" />
		<syntaxColor id="CodeColor_XMLString" text="#81AEC1" />
		<syntaxColor id="CodeColor_XMLComment" text="#999" />
		<syntaxColor id="CodeColor_XMLNumber" text="#8EC0E6" />
		<syntaxColor id="CodeColor_XMLTag" text="#5C725C" />
		<syntaxColor id="CodeColor_XMLText" text="#000" />
	</colorGroup>
	<colorGroup doctypes="Text">
		<syntaxColor id="CodeColor_TextText" text="#4B89AD" />
	</colorGroup>
</codeColors>
